{
  "bench_digest": "b4d26c01d4962fa30f67c00313bbce8982ca16e3a97df34819747876ee14ed5a",
  "corpus": "seed_long_paragraphs",
  "gamma_auto": 1.0229337429693,
  "lambda_auto_calibrated": 1.9617608348692248,
  "n_docs_skipped": 1,
  "n_docs_total": 16,
  "n_docs_with_partition": 15,
  "per_cell_auc_by_gamma": {
    "v32_0.0|A1|trusted": 0.5777777777777777,
    "v32_0.0|A1|untrusted": 0.7066666666666667,
    "v32_0.0|A2|trusted": 0.5,
    "v32_0.0|A2|untrusted": 0.5,
    "v32_0.0|A4|trusted": 0.9111111111111111,
    "v32_0.0|A4|untrusted": 0.9866666666666667,
    "v32_0.1|A1|trusted": 0.5777777777777777,
    "v32_0.1|A1|untrusted": 0.6844444444444444,
    "v32_0.1|A2|trusted": 0.5,
    "v32_0.1|A2|untrusted": 0.5,
    "v32_0.1|A4|trusted": 0.8977777777777778,
    "v32_0.1|A4|untrusted": 0.9733333333333334,
    "v32_1.0|A1|trusted": 0.5777777777777777,
    "v32_1.0|A1|untrusted": 0.5777777777777777,
    "v32_1.0|A2|trusted": 0.5,
    "v32_1.0|A2|untrusted": 0.5,
    "v32_1.0|A4|trusted": 0.8266666666666667,
    "v32_1.0|A4|untrusted": 0.8533333333333334,
    "v32_auto|A1|trusted": 0.5777777777777777,
    "v32_auto|A1|untrusted": 0.5733333333333334,
    "v32_auto|A2|trusted": 0.5,
    "v32_auto|A2|untrusted": 0.5,
    "v32_auto|A4|trusted": 0.8266666666666667,
    "v32_auto|A4|untrusted": 0.8533333333333334,
    "v3|A1|trusted": 0.5777777777777777,
    "v3|A1|untrusted": 0.7066666666666667,
    "v3|A2|trusted": 0.5,
    "v3|A2|untrusted": 0.5,
    "v3|A4|trusted": 0.9111111111111111,
    "v3|A4|untrusted": 0.9866666666666667
  },
  "schema": "sum.sheaf_v3_2_validation.v1",
  "stalk_dim": 8,
  "training_epochs": 200,
  "trust_partition": "deterministic 50/50 per doc (SHA-256 seeded)",
  "v3_baseline": {
    "trusted_mean_auc": 0.662962962962963,
    "untrusted_mean_auc": 0.7311111111111112
  },
  "verdicts_by_gamma": {
    "0.0": {
      "delta_vs_v3": 0.0,
      "f4_verdict": "PASS",
      "f5_verdict": "PASS",
      "gamma_value": 0.0,
      "trusted_mean_auc": 0.662962962962963,
      "untrusted_mean_auc": 0.7311111111111112
    },
    "0.1": {
      "delta_vs_v3": -0.004444444444444473,
      "f4_verdict": "PASS",
      "f5_verdict": "PASS",
      "gamma_value": 0.1,
      "trusted_mean_auc": 0.6585185185185185,
      "untrusted_mean_auc": 0.7192592592592592
    },
    "1.0": {
      "delta_vs_v3": -0.028148148148148144,
      "f4_verdict": "PASS",
      "f5_verdict": "FAIL",
      "gamma_value": 1.0,
      "trusted_mean_auc": 0.6348148148148148,
      "untrusted_mean_auc": 0.6437037037037037
    },
    "auto": {
      "delta_vs_v3": -0.028148148148148144,
      "f4_verdict": "PASS",
      "f5_verdict": "FAIL",
      "gamma_value": 1.0229337429693,
      "trusted_mean_auc": 0.6348148148148148,
      "untrusted_mean_auc": 0.6422222222222222
    }
  },
  "vocab_size_entities": 229,
  "vocab_size_relations": 95,
  "weights_from_receipts": {
    "default_weight": 0.1,
    "revoked_weight": 0.0,
    "trusted_weight": 1.0
  }
}
